﻿Designator,Footprint,Quantity,Value,LCSC Part #
2596-ADJ1,TO-263-5_TabPin3,1,REGULADOR ADJ,
C1,CP_Radial_D6.3mm_P2.50mm,1,470uf 35v,
"C10, C11, C12, C13, C14, C15, C16, C17, C18, C19, C2, C20, C21, C22, C23, C24, C25, C26, C27, C28, C29, C30, C31, C32, C33, C34, C35, C36, C37, C38, C39, C4, C40, C41, C42, C43, C44, C45, C46, C47, C48, C49, C5, C50, C51, C52, C53, C54, C55, C56, C57, C58, C59, C6, C60, C61, C62, C63, C7, C8, C9",0603,61,C,
C3,CP_Radial_D6.3mm_P2.50mm,1,220UF,
D1,1206,1,LED,
"D10, D11, D12, D13, D14, D15, D16, D17, D18, D19, D20, D21, D22, D23, D24, D25, D26, D27, D28, D29, D3, D30, D31, D32, D33, D34, D35, D36, D37, D38, D39, D4, D40, D41, D42, D43, D44, D45, D46, D47, D48, D49, D5, D50, D51, D52, D53, D54, D55, D56, D57, D58, D59, D6, D60, D61, D62, D7, D8, D9",LED_WS2812B_PLCC4_5.0x5.0mm_P3.2mm,60,WS2812B,
D2,D_SMA,1,SS24,
"H1, H2, H3, H4",MountingHole_3.2mm_M3_ISO14580_Pad_TopBottom,4,MountingHole,
J1,PinHeader_1x02_P2.54mm_Vertical,1,Conn_01x02_Pin,
J3,PinSocket_2x03_P2.54mm_Vertical,1,AVR-ISP-6,
L1,L_Bourns-SRN1060,1,330,
"R1, R2",0603,2,1K,
R3,0603,1,330,
SW1,SW_PUSH_6mm,1,SW_Push,
U1,SOIC-8W_5.3x5.3mm_P1.27mm,1,ATtiny85-20S,
